{"cameraMode":{"drawMode":0,"name":"Shaded","section":"Shading Mode"},"sceneLighting":true,"audioPlay":false,"sceneViewState":{"m_AlwaysRefresh":false,"showFog":true,"showSkybox":true,"showFlares":true,"showImageEffects":true,"showParticleSystems":true,"showVisualEffectGraphs":true,"m_FxEnabled":true},"in2DMode":false,"pivot":{"x":-0.38439393043518069,"y":-1.395660400390625,"z":-3.0662312507629396},"rotation":{"x":0.017392540350556375,"y":-0.023696834221482278,"z":-0.0002300990017829463,"w":-0.9997977614402771},"size":7.027399063110352,"orthographic":true}